Harrisburg,2
quality,4
education,11
House,16
district,13
underprivileged,1
children,9
funded,1
families,7
family,17
life,27
long,16
state,39
Legislature,4
Republican,6
seat,9
service,9
early,12
Interventionist,1
educator,6
current,10
sitting,1
Senator,1
food,5
insecurity,1
Congressman,1
local,7
public,13
experienced,1
homelessness,1
non,4
profit,4
school,20
board,8
Director,20
educational,4
inequities,2
disabilities,2
traditional,3
classroom,1
teacher,5
Pittsburgh,1
International,9
Airport,1
PA44,1
United,9
Developmental,1
therapist,3
blue,3
small,9
margin,3
community,20
bright,2
future,16
development,14
milestones,2
Pennsylvania,5
allegheny,3
County,9
precinct,1
advocate,6
Representative,2
Michele,1
Knoll,1
website,30
Facebook,19
Twitter,31
Instagram,23
YouTube,10
ActBlue,2
voice,7
TN,1
time,68
cell,1
phone,3
number,5
Black,7
matter,6
Democratic,8
nominee,3
Tennessee,1
Senate,5
term,5
Mayor,1
Oak,1
Hill,2
marijuana,1
Medicaid,3
pay,1
volunteering,2
mods,2
VoteDEM,1
Nashville,2
Metropolitan,1
area,8
email,3
Heidi,1
Campbell,1
City,10
link,17
system,13
extra,6
environment,12
budget,1
campaign,20
AMA,38
y'all,3
candidate,11
households,2
Dubuque,1
Central,4
Committee,1
legislators,1
microcosm,1
companies,6
registered,3
radio,2
direct,4
support,16
office,9
uncontested,1
placed,1
door,2
hangers,1
large,5
PACs,2
contingent,1
global,9
software,7
engineer,3
mail,4
piece,4
supporter,2
Open,6
source,8
mental,6
health,19
absentee,4
disastrous,1
experiment,1
agencies,3
privatization,1
rural,1
accessible,3
healthcare,3
decision,8
tourist,1
attractions,1
web,4
couple,4
fair,3
minimum,2
wage,3
remote,3
employee,5
MongoDB,1
towns,1
suburbs,1
career,15
assistance,5
incumbent,3
great,21
group,19
developer,6
Relations,1
video,21
collective,2
bargaining,1
uphill,1
battle,3
SymphonyOS,1
factories,1
trade,2
co,9
alternative,2
primary,3
season,3
best,15
election,40
safe,6
workplaces,1
program,8
special,6
nomination,1
convention,1
key,8
politics,13
wife,3
Linux,2
distribution,2
race,9
Ryan,4
Quinn,1
motion,1
growth,3
passion,4
ability,1
DigitalOcean,1
Yard,3
signs,2
people,45
year,66
donation,3
party,7
iowa,3
bizarre,1
true,5
crime,9
case,13
Heeled,1
podcast,14
Gambino,1
high,8
profile,3
prosecution,1
tomorrow,4
morning,7
update,25
highest,2
late,2
Brooklyn,2
Charles,2
Westchester,1
Jeanine,1
Pirro,1
Manhattan,1
TV,5
writing,2
Curious,2
Marla,1
Trump,10
Shoes,1
criminal,7
defendants,1
defense,7
firm,4
lead,7
investigating,1
prosecutor,3
re,2
investigation,3
Hynes,1
disappearance,1
Kathleen,1
Durst,2
sexual,3
abuse,1
scandal,3
Starz,2
new,63
York,7
Archdiocese,1
USA,4
Dirty,3
John,3
HBO,3
documentary,1
request,1
Perry,1
Mason,1
schedule,3
Jones,2
power,13
book,22
Ghost,1
Jinx,1
hearing,2
work,33
original,3
plan,7
big,9
day,39
PST,4
chance,8
television,3
enthusiasm,1
engagement,2
Proof,110
attorney,8
ballot,10
measure,4
Alaskan,2
commonsense,1
reforms,2
better,4
team,19
choice,5
voting,11
Alaska,2
general,5
partisanship,1
elect,1
leadership,5
secret,3
influence,1
dark,2
money,14
rightful,1
place,7
order,8
preference,3
nonpartisan,4
social,16
media,12
Thanks,30
Texas,5
Affordable,1
care,16
Act,3
Austin,3
Latina,1
leader,6
youngest,1
person,10
businesses,4
policies,3
face,4
energy,3
robust,1
economy,7
Texan,2
Democrat,7
HD,1
volunteer,6
professor,13
medicine,8
Jay,2
Bhattacharya,1
Stanford,4
University,23
enthusiasts,1
Hop,1
network,6
Customizable,1
different,16
safing,1
fellow,5
founder,6
company,13
Filter,1
Block,2
Unwanted,1
PTIO,1
Security,3
gt,1
DNS,1
Resolver,1
surveillance,3
capitalism,1
Manager,4
mass,2
main,4
FOSS,1
product,8
closed,1
pre,1
alpha,1
Monthly,1
Subscription,1
intercepting,1
private,4
CTO,1
CEO,4
dhaavi,1
Raphty101,1
davegson,1
run,4
weakest,1
huge,4
shout,1
hyper,1
transparency,5
LukeS,1
mQYGL5m4,1
hosting,1
busy,2
research,27
Windows,1
chain,4
control,6
Portmaster,1
conceptional,1
shuffled,1
kernel,1
level,8
AmaryllisBlooms,1
parasite,1
ppacher,1
Astralof,1
Funding,2
app,9
SPN,1
Architect,2
right,16
attitude,1
PrivacyTools,1
ownership,1
business,13
model,8
computer,5
amazing,8
Designer,2
regards,3
rant,1
VC,1
Stack,2
dev,3
pattern,2
Tabitha,1
Alex,2
Patrick,1
Daniel,3
David,7
wonderful,3
worst,2
thing,20
stuff,7
tech,2
titans,1
QtASK,1
project,16
counter,1
culture,4
blast,5
homepage,1
freedom,3
fact,7
Tor,1
VPNs,1
line,6
explainer,3
privacy,4
presidential,9
coverage,10
outcomes,1
CalMatters,1
reporter,6
Ben,1
Christopher,1
California,7
voter,14
guide,4
Golden,1
propositions,1
fraud,2
role,6
Gimme,1
Props,1
finance,5
desk,1
plant,3
minute,4
analysis,5
political,9
procedures,1
series,14
descriptions,1
details,1
quiz,1
Apologies,1
seconds,2
breakdowns,1
kitchen,1
young,5
Green,4
Deal,3
working,8
class,5
roots,2
tuition,1
free,5
history,11
clinging,1
America,12
benefits,3
Liam,1
O,3
Mara,1
longshoreman,1
frycook,1
touch,5
constituents,2
wealthy,1
countries,4
leave,2
skills,3
universal,1
basic,5
income,5
past,5
independent,6
opportunities,3
previous,6
poverty,2
Congress,3
concerns,2
PM,18
century,2
eyes,3
Medicare,2
Verification,4
information,15
Brevard,1
Sheriff,1
burning,2
Civility,1
focused,1
core,1
equal,1
justice,10
Accountability,2
safety,2
Alton,1
Edmond,1
majority,6
bilingual,1
willingness,1
temporary,3
officials,6
COVID,17
neighborhood,3
polling,3
higher,2
risk,9
categories,2
cancellations,1
complications,2
difficulty,2
challenge,7
difficult,2
situation,7
pandemic,14
reporting,3
language,3
little,2
shows,1
sense,3
machine,8
eacgov,1
data,19
democracy,4
difference,4
sticker,1
BeAPollWorker,1
poll,6
servants,1
government,8
Northland,1
Library,1
legislative,3
importance,1
Braveheart,1
North,4
problems,3
Rowing,1
Association,5
solid,1
fastest,1
trending,1
value,2
hard,3
Columbia,3
Marshall,2
Township,2
elected,3
owner,5
Parks,1
Mike,3
Turzai,1
Los,2
Angeles,2
founding,3
member,12
critical,3
financial,5
planning,1
synagogue,1
task,1
force,2
budgeting,1
Recreation,1
husband,1
nonprofit,3
art,3
supplies,3
environmental,2
waste,4
valuing,1
flexibility,1
Speaker,1
screenwriter,1
encouraging,1
dad,3
drugstore,1
successful,3
faith,2
commitment,1
communities,5
abundant,1
defeat,1
common,8
productive,1
responsibility,1
loyalty,1
privilege,2
decade,4
Washington,3
Pennsylvanians,1
attention,3
extremism,1
opponent,4
Emily,1
Skopov,1
solution,6
market,5
Foundation,7
lifestyle,1
process,12
hobbies,2
philosophy,1
rare,2
opportunity,3
noon,3
unique,4
way,24
insight,2
fun,7
industry,10
percent,2
law,17
trends,4
Report,3
Clio,1
practice,5
management,2
cloud,3
technology,10
client,7
Centered,1
survey,4
portals,1
intake,1
electronic,2
payments,1
commercial,3
space,11
aggregates,1
leading,3
creator,4
preferring,1
conferencing,1
aggregated,1
CRM,1
impact,6
Justin,4
Bieber,1
snapshot,2
major,8
start,6
world,31
success,2
default,1
Canada,5
maple,1
syrup,1
Jack,1
Newton,1
adoption,1
meeting,3
daily,7
unprecedented,2
shift,1
quick,3
takeaways,2
documents,1
LinkedIn,6
legal,13
position,3
Commissioner,2
regulator,1
flared,1
unintentional,1
release,2
raw,1
natural,4
Jim,2
Wright,3
powerful,1
oil,1
electricity,2
intentional,1
lighting,1
oilfield,1
recycling,1
experience,21
pipeline,1
flawed,2
venting,1
home,13
Nation,2
Permian,1
latest,7
lawsuit,3
upstream,1
production,4
statewide,1
ditch,1
Sitton,1
important,8
climate,9
fuel,2
industries,2
flaring,1
atmosphere,2
lawyer,7
track,5
regulatory,1
violations,1
ChrystaforTexas,1
cycle,5
federal,4
stability,1
billions,1
operators,2
Trick,2
question,103
railroad,3
commission,3
gas,2
Ron,2
Congressional,3
Dallas,1
judge,3
Clay,1
Jenkins,1
laundry,1
list,3
extreme,5
pharmaceutical,2
corporations,1
bodies,1
fences,1
recent,8
insurance,3
beheadings,1
suggestion,3
Sarah,3
Weddington,1
disposal,1
targets,2
Dairy,1
Queen,4
UT,1
father,3
Roe,1
Whataburger,1
error,2
Stephen,2
College,10
Itasca,1
landfill,1
Wade,1
white,7
Papua,1
Guinea,3
death,7
indigenous,1
Rainforest,1
Tayap,1
village,1
linguistic,1
anthropologist,2
visiting,1
end,4
atrophies,1
memoir,2
whodunit,1
mystery,1
discussion,3
West,2
Brant,1
used,1
knowledge,7
Bookstore,3
dog,3
Murder,3
Hornet,1
rampage,1
comfy,1
abundance,3
Karens,1
reading,1
nooks,1
soft,3
music,11
Zombie,1
Apocalypse,2
shelves,2
Street,5
warehouse,1
inventory,1
words,3
print,1
craziness,1
Barbara,1
Sarasota,1
bliss,1
brantsbooks,1
kid,7
building,2
extinction,2
modern,2
idea,11
drama,3
inquiry,1
insightful,1
answer,14
entire,2
universe,2
solar,3
surprise,2
discovery,1
dolphin,1
intelligence,4
Oxford,1
Humanity,3
Institute,9
Oriel,1
PhD,6
expanded,1
timeline,1
X,1
tradition,2
species,1
curiosity,2
ingenuity,1
religions,1
planet,3
Thomas,1
Moynihan,1
ish,1
EST,5
aliens,1
duty,2
centuries,1
fate,1
human,14
molecular,3
laboratories,2
supply,3
reagents,2
Associate,3
Pathology,2
testing,3
protocols,2
ABMM,1
Department,7
Keck,1
Carolina,2
Vice,5
chair,3
Executive,4
President,6
transmitted,1
ASM,1
Test,3
Southern,2
urinary,1
tract,1
Loyola,2
Chicago,2
ripple,1
effect,4
Susan,1
Butler,1
Wu,1
growing,5
demand,2
individual,6
corporate,6
Marketing,2
gonorrhea,1
Pbolstorff,1
LAC,1
SARS,1
CoV,1
gastroenteritis,1
chlamydia,1
delay,2
aharrington1884,1
USC,1
medical,11
Center,5
CSCP,1
SCOR,1
P,1
American,15
Society,4
AAM,1
ASCP,1
sgoodlove,1
melmillerphd,1
cystic,1
fibrosis,1
platform,9
real,9
approaches,1
Amanda,1
Harrington,1
ET,10
Melissa,2
Miller,2
infectious,1
Sherri,1
Goodlove,1
shortage,3
tool,6
Peter,3
clinical,8
microbiology,4
laboratory,3
Møme,1
album,5
Flashback,1
FM,3
Flash,2
ricky,3
Ducati,1
Paris,2
GTA,1
retro,2
pop,1
duo,1
opposite,2
sides,1
Intro,1
Peace,2
Reddit,59
week,17
activist,2
progressive,2
Coal,2
Seattle,2
Council,3
housing,3
Trust,2
fund,3
powered,1
Labor,1
bold,1
action,4
organizer,2
Clean,2
thousands,6
interests,3
hand,4
need,7
national,10
export,2
terminals,1
Chamber,1
Commerce,2
legislation,2
behalf,1
corporations',1
Bernie,2
Sanders,2
Elizabeth,2
Warren,1
passage,1
Paid,1
women,7
attempt,2
record,6
Pramila,1
Jayapal,1
Sunrise,2
Movement,2
single,5
greatest,3
motivator,1
prevailing,1
average,3
contribution,2
billionaires',1
wealth,1
Beth,2
Doglio,1
stakes,1
unions,1
expense,2
struggling,1
share,1
priorities,1
vision,3
recovery,3
rhetoric,1
Tribe,1
agenda,1
sophomore,1
imaginary,1
goal,5
musician,2
Gothenburg,1
Making,1
wanna,1
dance,2
crazy,2
alternate,1
realities,1
haha,2
Kasbo,1
Sweden,2
Paracosm,1
lot,13
CBS,2
newsmagazine,1
Fotis,1
Dulos,1
Robert,2
Natalie,1
Wood,1
Saturdays,1
Ferguson,1
correspondent,3
EFMoriarty,1
CBSLifeofCrime,1
middle,4
Erin,3
Moriarty,1
MYLIFEOFCRIME,1
afternoon,5
largest,5
citizen,3
astronomers,2
Unistellar,2
Rachel,3
Knight,1
science,19
partner,7
scientific,10
SETI,2
live,9
sky,2
results,10
study,4
asteroids,2
adaptive,1
optics,1
smart,2
telescope,2
Brad,3
Davis,1
capable,1
reconnecting,1
shape,1
roof,1
size,5
TESS,1
exoplanet,2
page,9
Username,3
setiinstitute,1
backyard,1
balcony,1
cities,1
astronomy,1
AllPlanets,1
cosmos,2
algorithmic,2
bias,2
racial,2
biases,2
Fairness,1
researcher,12
scientist,6
underlying,2
algorithms,3
facial,2
recognition,1
standard,1
thumbnail,1
cropping,1
simple,4
code,2
automatic,2
soap,1
dispensers,1
kidney,1
existing,2
patients,5
marginalized,1
intelligent,1
predictions,2
darker,1
skinned,1
necessary,1
scholarship,1
Matthew,1
Finney,1
despite,1
AI,2
topic,14
FAQ,2
Innovation,2
issue,20
spotter,1
PT,1
help,8
Bot,1
Utrecht,1
Metin,1
Eskili,1
Margaret,3
Hagan,1
Nóra,1
Al,1
Haider,1
Belfast,1
European,1
Colarusso,1
access,6
Quinten,1
Steenhuis,1
message,2
game,25
legaladvice,1
post,13
physics,2
application,2
learning,7
policy,6
Bachelor,3
degree,7
Master,4
legalfaq,1
orientation,1
jurisdiction,2
specific,5
Budapest,1
centred,1
friend,19
honours,1
Palo,1
Alto,1
defender,3
conjunction,1
engineering,3
normal,1
conversational,1
English,5
regular,2
OPs,1
complex,4
Turkey,1
professional,7
programmer,1
Boston,4
Massachusetts,2
nature,3
Locationbot,1
technologist,1
JD,1
light,4
training,8
course,3
interactions,2
providers,2
fancy,1
design,3
lab,9
suffolk,2
eviction,3
ancient,2
Deep,3
frozen,2
change,11
permafrost,2
thawing,1
changing,2
layers,1
warm,3
air,5
hundreds,3
fires,1
implications,1
Playful,1
Raccoon1285,1
hurricanes,1
rest,7
Kimberley,1
Miner,1
earth,5
landmass,1
globe,4
microbes,3
cabon,1
footprint,3
petroleum,1
use,4
carbon,4
half,2
handful,1
BP,1
apple,1
seeds,1
US,8
adult,10
electric,2
heat,2
luxuriant,1
car,6
rocket,2
heater,1
land,3
blame,1
monster,1
drop,1
luxury,2
bad,2
consumer,5
Montana,2
apartment,1
parking,1
pocket,1
sacrifices,1
garden,1
spot,1
interesting,5
merit,2
old,3
studying,1
Boy,3
cub,1
biking,1
Scouting,1
award,12
Eagle,3
scout,3
badge,2
frame,1
reference,1
various,3
requirements,1
prestigious,1
rank,1
Exploration,2
hiking,1
miles,2
country,6
Astronaut,1
Michael,3
Finke,1
fewer,1
complicated,2
nuclear,3
distances,1
greater,2
counselor,1
terrain,1
fingerprints,1
proudest,1
accomplishment,2
total,4
significance,2
appearances,2
influential,1
religious,1
scholar,1
Joe,7
Rogan,1
Greeks,1
psychedelics,1
God,2
Immortality,1
Huston,1
Smith,4
Christians,1
CNN,1
Dating,1
Coach,2
Matchmaker,1
site,6
Matchmaking,1
Academy,4
relationship,12
expert,8
holy,1
crap,1
folks,5
Ethridge,1
good,18
additional,3
info,6
hoo,1
visionary,1
politician,1
Cori,1
Bush,3
online,10
organizing,2
posturing,1
brand,5
founded,2
George,3
W,1
parody,1
Alexandria,1
Ocasio,1
Cortez,1
Jamaal,1
Bowman,1
Internet,2
slate,1
honest,2
Dean,1
fixing,1
biggest,3
techniques,1
Kerry,1
complicit,1
mandate,1
Lears,1
movie,3
Netflix,4
Iraq,2
War,6
fundraising,1
short,6
bio,6
garbage,1
man,4
Biden,9
ground,4
organization,9
officials',2
administration,2
planes,1
playbook,1
POLITICO,4
addition,5
taxpayer,1
spending,1
outbreak,2
broader,1
response,11
existence,1
stories,11
publicity,1
contractors,1
CDC,1
inner,2
coronavirus,1
failed,2
stolen,2
jewelry,3
celebrities,1
student,9
Offset,1
Clothing,1
Initiative,2
uni,1
Edinburgh,1
prospects,1
UK,4
job,16
Scotland,1
moment,7
Nick,3
Primark,1
cost,5
clothes,1
path,3
purpose,7
Goodnight,1
Wisconsin,3
constitutional,1
Michigan,4
Nevada,2
winner,2
vote,11
remaining,3
competitive,1
night,7
Rust,1
Belt,1
LMU,1
Score,1
Levitt,1
newsletter,5
actual,1
processing,3
Civil,2
division,3
Protection,4
Counsel,2
redistricting,1
upper,1
employment,1
discrimination,1
supported,1
activity,3
Deputy,2
assistant,4
sued,1
parties,2
reelection,1
Georgia,4
final,1
counts,1
eligible,2
combinations,1
tens,1
millions,1
Arizona,1
Denver,1
Colorado,1
victory,4
presidency,2
Zach,1
Montellaro,1
Amber,1
McReynolds,1
Scott,2
Bland,1
author,7
newsroom,1
academia,1
Nerdcast,1
Supreme,2
Court,4
partisan,3
example,5
gross,1
negligence,1
reckless,2
endangerment,1
wrongful,2
Lin,1
McCraw,2
injury,2
personal,11
Tyson,1
accountable,2
Des,1
Moines,1
Register,1
accident,1
employers,1
symptoms,1
advice,7
Disclaimer,4
animal,8
rescue,3
Jason,1
501c3,1
Jersey,1
Hampshire,1
bunch,3
capybaras,1
patagonian,1
cavies,1
chinchillas,1
prairie,1
gerbils,1
focus,5
degus,1
groundhogs,1
rats,1
squirrels,1
rabbit,3
pee,1
multiple,4
Arkansas,1
pigs,1
ton,5
vet,2
mice,2
captive,1
CrossP,1
stay,2
at,1
hamster,2
rodents,1
Bloomington,1
whichever,1
bed,2
sick,2
facility,1
ThePipsqueakery,1
point,6
hedgehog,1
factoids,1
picture,1
APUSH,1
Kansas,2
channel,4
Beat,1
infamous,1
joke,4
WWE,1
Tonight,1
daughter,3
Celtics,1
card,2
anti,3
Adam,3
Gopnik,1
NYT,1
Maggie,1
Haberman,1
Yorker,2
pivotal,1
Beach,1
hair,2
tussling,1
incident,2
mini,1
stroke,1
Seth,1
Meyers,1
NYC,4
subway,1
dinner,1
Leno,1
Emerson,1
Fallon,1
shit,1
asskills,1
guy,9
story,12
thread,1
racism,3
racist,2
journey,7
ignorance,1
Debby,1
Irving,1
listeners,2
actionable,1
undoing,2
Brandon,1
Kyle,1
Goodman,2
strategies,2
offensive,1
EDIT,6
NXIVM,2
cult,3
specialist,1
four,1
part,4
docu,1
Keith,1
Raniere,1
brave,1
slave,1
DOS,1
host,5
similar,5
silver,3
lining,1
IndoctriNation,1
coercive,1
Bernstein,1
India,1
Oxenberg,1
circle,1
enablers,1
prison,2
abusers,1
awareness,8
age,1
finale,2
FBI,1
accelerating,1
taxis,1
personalised,1
travel,4
airborne,2
motorsport,1
flying,2
racing,1
radar,1
speed,2
collision,1
avoidance,1
Matt,1
Pearson,1
manned,1
flight,1
Wipeout,1
drone,1
delivery,2
scenario,1
setup,1
LiDar,1
COO,1
Fleet,1
mph,1
altitude,1
Wiki,1
airspeeder,2
QANON,2
Scientology,1
NAZIS,1
XENU,1
KOCH,2
MISCAVIGE,1
MARK,1
ZUCKERBERG,1
RUPERT,1
MURDOCH,1
Steve,3
BANNON,1
Jeff,3
BEZOS,1
MERCER,1
THIEL,1
FALUN,1
GONG,1
nap,2
i,3
ok,1
ROTTING,1
CORPSE,1
menace,1
HUBBARD,1
disinformation,5
PUMPING,1
Watkins,1
Hate,1
oldest,3
living,4
imageboards,1
suspicious,1
timing,1
manipulation,2
Mother,2
chan,1
operation,4
originator,1
coordinated,3
smear,1
Gregg,1
Housh,1
forensic,1
gut,1
greggh,1
article,8
storm,1
identity,1
IAmA,3
trolls,1
retirement,1
SNACKS,1
fuck,2
MD,1
episode,3
muscular,1
dystrophy,1
severe,2
muscle,2
motorised,1
wheelchair,1
month,15
pharmacologist,1
condition,7
peer,3
reviewed,2
Gudjon,1
Oskarsson,1
Munro,1
EDIT2,2
coauthors,1
duchenne,2
Radiotherapy,2
related,7
pics,1
benign,1
brain,7
tumour,1
photon,1
beam,1
ventricle,1
mask,1
fantastic,2
redditors,3
sleep,3
kind,6
keyboardist,1
Lauryn,1
D,1
Angelo,1
Leslie,2
Odom,1
Jr,1
police,4
brutality,1
Alice,1
pianist,1
composer,2
producer,6
Latifah,1
acclaimed,1
singer,3
songwriter,2
Amy,2
Schumer,1
violinist,2
arranger,1
Imani,1
Coppola,1
collaboration,2
sltrib,1
thesaltlaketribune,1
subscribers,1
announcement,2
newspaper,4
weekly,1
edition,2
pretty,2
male,2
performer,1
hot,2
restrictions,1
porn,6
weekend,2
background,2
lunch,1
Forecast,2
Electoral,2
toss,1
up,5
ratings,1
operatives,1
swing,1
editor,5
registration,2
rigorous,1
senior,2
journalist,8
pollsters,1
column,1
grip,1
coin,1
flip,1
plausible,1
grabs,1
map,1
field,9
shot,1
guess,1
cause,8
Fight,1
Expression,2
collaborative,1
coalition,1
GQR,1
PEN,1
Chief,6
Staff,1
Wikimedia,1
VP,1
Shields,1
Kelsey,1
Suter,1
Jennifer,3
Brody,1
Evan,1
Greer,1
erinshields,1
Brown,1
Merkley,1
Jesse,1
Littlewood,1
suppression,2
Nora,1
Benavidez,1
effort,6
ryanmerkley,1
attorneynora,1
CMJ,1
evanFFTF,1
kelseysuter,1
participants,2
reactors,1
Fission,1
v,2
exciting,2
fits,1
mix,1
Manchester,1
hydrogen,1
conversion,1
ITER,1
potential,3
Germany,5
perspective,3
turning,1
Emre,1
Yildirim,1
Aneeqa,1
follow,1
Wow,1
fusion,2
Tustin,1
NASA,1
thriving,1
Agriculture,1
Lee,1
Fink,1
virus,1
quarantine,1
sup,1
y,1
all,2
wallows,1
mind,3
variety,3
enrichment,1
zoo,1
meal,3
prep,1
Rothschild,1
giraffes,1
photo,8
Seals,1
Amur,1
Leopards,1
Otters,1
Sea,2
Lions,1
Polar,1
Elephants,1
Rhinos,1
Fowl,1
Colobus,1
Monkeys,1
Zebras,1
Gorillas,1
WM,1
misconception,1
moderators,1
confidentiality,1
wether,1
Magazine,2
Brotherhood,1
Incendiary,1
Sports,2
architecture,1
brief,1
Incorporated,1
held,1
Limit,1
Mad,1
Bomber,1
mob,2
Grand,1
Prix,1
Circuit,2
Biography,3
Pei,1
Cannell,1
Bookshop,1
Tokyo,1
Pull,1
indie,3
publisher,1
chat,3
doujin,2
Japanese,2
Hikikomori,1
dependency,1
bank,2
account,2
kindest,1
exposure,1
gaming,4
event,8
Guerrilla,1
precious,2
translation,1
gig,1
Kickstarter,3
Sean,2
artist,6
son,3
rate,3
friendly,1
fee,2
Tim,1
Burton,1
style,2
subreddit,1
poor,2
moan,1
camera,2
one,7
relief,1
dependent,1
Asobu,1
unnecessary,1
Kyodo,1
Zeit,1
hometown,1
viewers,1
commenters,1
talents,1
aunt,1
Nami,1
fortune,1
begging,1
credits,1
Konbini,1
corner,1
journalism,1
follower,1
driven,1
Economist,1
inbox,1
stray,1
queries,1
unlimited,1
Balance,2
sci,2
fi,2
Roswell,1
fans,2
yesteryear,1
distinct,1
chemistry,2
candy,1
saladtossers,1
iykyk,1
boyfriend,2
magic,1
girlfriend,2
Majandra,1
Brendan,1
spiritual,1
successor,1
reboot,1
prequel,1
love,7
comment,9
obsession,1
Reuters,2
Wall,2
journal,5
Geiger,1
companion,1
readers,1
feature,3
analytics,1
monitoring,2
Yaro,1
Lisitsyn,1
transition,1
CCTV,1
VXG,1
today,3
Artificial,2
entrepreneurship,2
Toronto,3
visit,2
MK,1
Star,5
Cold,1
Cuba,1
wire,1
Yemen,1
Somalia,1
ULTRA,1
Guantanamo,1
Bay,2
terror,1
Canadian,1
connection,7
CIA,1
interrogation,1
filmmaker,2
dozen,3
hour,14
drive,2
Montreal,1
CSIS,1
REM,1
disturbances,1
deprivation,1
underpinnings,1
terrestrial,1
mammals,1
illness,1
vulnerable,1
inactivity,1
circuitry,1
Alzheimer,1
disease,5
healthy,2
following,1
Wisden,2
Bill,4
Dementia,1
presence,1
toxins,1
progression,1
fundamental,1
essential,1
Widsden,1
wellbeing,1
possible,2
Dr,4
Wei,1
Ba,1
Imperial,2
London,3
stage,2
postdoctoral,2
Wellcome,1
behavioural,1
diet,4
exercise,1
afterthought,1
stressful,1
beta,1
amyloids,1
waking,1
ImperialLates,1
precedence,1
mysteries,1
neuroscience,2
vital,2
function,2
pressure,2
builds,1
Useful,1
hope,3
overlap,1
programme,2
neurological,2
Army,1
Brigade,1
Commander,1
extended,1
tours,1
Ohio,4
military,3
Marine,2
Corps,3
Counterinsurgency,1
officer,4
Grant,1
Petraeus,1
outward,1
Mansoor,1
Collapse,1
increasing,1
polarization,1
Baghdad,1
graduate,5
Kuwait,1
Colonel,1
domestic,3
Iron,1
Curtain,1
fall,2
stab,1
threat,6
pledge,1
signatories,1
Erik,2
Wil,2
Europe,4
actor,4
scenes,1
Xvideos,1
pornstar,1
POV,1
BallotReady,1
CST,2
coordinator,1
collection,2
custom,3
branded,1
digital,3
themed,1
merch,1
Louisa,1
Becky,1
Kunal,1
s,3
Oblivious,1
Amazon,2
lookalikes,1
Fashion,2
breaking,1
bestseller,3
reason,6
instance,1
guys',1
Cheers,3
Investors,1
tabletop,1
Swords,1
Stationery,1
therapy,2
RPGs,1
Savage,1
dyslexia,1
miniature,1
wargames,1
teens,1
Warhammer,1
curriculum,1
near,1
perfect,1
intervention,3
risky,1
gamble,1
entrepreneur,1
name,3
Shaun,1
NGO,1
step,3
beginning,1
butterfly,1
skin,4
genetic,4
EB,1
subtypes,1
easy,3
blistering,1
Epidermolysis,1
bullosa,1
mucous,1
membranes,1
cure,2
treatment,3
infection,5
slightest,1
touches,1
wounds,1
severities,1
aspect,1
Blisters,1
comprehensive,1
Nicole,1
Costa,2
Campus,1
Outreach,1
Jake,1
Ward,1
Allie,1
Cashel,1
to,2
head,2
last,1
Chairman,1
celebration,3
commute,2
bonus,1
EAC,1
VoteEarlyDay,1
MT,1
Benjamin,1
Hovland,1
Goat,2
Milker,1
Herder,1
Zac,1
Wes,1
Coney,1
Barrett,1
qualified,1
immunity,1
doctrine,1
excessive,1
Andrew,1
Chung,1
Lawrence,1
Hurley,1
crash,1
Kevin,1
Douglas,1
Coral,1
explicit,1
Cherries,1
Pornography,2
engaging,1
newest,1
film,13
boundaries,1
tired,1
viral,1
Berlin,1
conspiracy,1
theories,1
audience,1
exclusive,1
content,10
men,5
gorgeous,1
vibrant,1
colours,1
Barcelona,1
gay,1
cinematography,1
fascinating,1
Noel,1
Alejandro,1
hallucinogenic,1
Emergence,1
updated,1
ECC,1
physician,4
Cardiopulmonary,1
pediatric,2
Heart,2
Subcommittee,1
Guidance,2
physiology,1
arrival,1
Calgary,2
Perelman,1
Harvard,2
layperson,1
initiated,1
Albert,2
Berg,1
internal,1
residency,1
based,6
Alexis,1
Topjian,1
Tufts,1
lay,1
rescuer,1
Philadelphia,1
Ashih,1
Panchal,1
Cheng,1
Khalid,1
Aziz,1
evidence,1
Western,1
Reserve,2
setting,2
visual,1
Israel,2
Deaconess,1
written,1
anesthesia,1
Cardiac,1
arrest,3
Katherine,2
Alberta,1
opioid,2
Combined,2
extensive,1
review,5
victims,1
overdose,1
neonatal,1
emotional,3
bystander,1
disparities,1
caregivers,1
AED,1
hospitalized,1
fellowship,1
performance,3
survivors,2
Interim,1
Survival,1
Ashish,1
emergency,2
cardiovascular,2
cpr,2
guidelines,3
resuscitation,2
hospital,2
recommendations,2
fitness,1
apparel,1
startup,1
e,1
innovative,2
WodBottom,1
ideal,1
customer,5
weight,4
lifter,1
CrossFit,1
Badgers,1
ramifications,1
regions,1
Detroit,1
Press,1
thirds,1
Donald,1
partnership,2
Hillary,1
Clinton,2
Freep,1
PolitiFact,1
Clara,2
Hendrickson,1
Dave,1
Boucher,1
Michiganders,1
Paul,2
Egan,1
Todd,1
Spangler,1
clarity,1
SOS,1
vessel,1
cruises,1
Lamont,4
Doherty,4
Observatory,4
LDEO,2
interactive,2
adventure,2
ocean,1
biology,3
larger,2
session,3
inside,1
geological,1
processes,3
Laura,1
Gruenburg,1
Una,1
Bar,2
Oryan,1
Carson,1
Witte,1
Suki,1
Wong,1
MAKERS,1
Jon,1
PredictIt,1
portfolios,1
EPM,1
BAN,1
UNC,1
basketball,1
betting,1
population,2
urban,1
skylines,1
DICKTOWN,1
Charlotte,1
artisanal,1
pencil,1
sharpener,1
orgs,1
Midas,1
Hodgman,1
NC,1
infrastructure,1
Hulu,1
gonna,1
break,4
revenge,1
warning,2
threatening,1
precise,1
indispensable,1
measurements,1
saving,2
UV,1
temperature,1
wind,1
precipitation,1
hike,1
permutations,1
singular,1
gaze,1
walk,1
Bradley,1
Hebdon,1
glance,1
weather,3
parent,5
child,4
Abnormal,2
behavioral,1
cognitive,1
screen,1
activities,1
stress,5
routine,3
ongoing,1
enduring,1
contexts,1
Personality,2
Effectiveness,1
Attachment,2
theory,3
Psychiatry,1
evaluation,1
Aggression,1
Biobehavioral,1
entertainment,1
creation,1
Rising,1
Wagner,1
translatable,1
tips,4
uncertain,1
nickjameswagner,1
parenting,1
conversation,4
psychology,3
psychological,2
PCF,1
lifetime,1
leakage,1
disparity,1
dry,1
fly,1
option,2
factors,1
badass,1
screening,2
proceeds,2
potty,1
Nic,1
Tailor,1
doctor,1
prostate,2
cancer,5
bacteria,1
drug,8
resistant,1
microbial,3
resistance,2
antibiotic,2
microbiome,1
ecosystems,2
spreads,1
superbugs,1
Willem,1
van,4
Schaik,1
Birmingham,1
Kingdom,2
body,2
fingers,1
goodbye,2
Shadow,2
scary,1
thriller,1
Whisper,1
bestselling,1
lucid,1
dreaming,1
planetary,1
museum,4
Marina,1
Gemma,1
lingering,1
meteorite,2
Self,2
promotion,2
paper,5
joeygarrison,1
Joey,1
Garrison,1
resource,8
bylines,1
Tennessean,2
debut,2
EP,1
listen,1
vibe,1
toxic,1
ex,1
welcome,3
provisional,2
sure,2
Secretary,1
schemes,1
litigation,1
suppressive,1
Sylvia,1
Susannah,1
auditing,1
trusted,1
verifiable,1
trail,1
reliable,1
infiltration,1
integrity,1
say,1
accuracy,1
interference,1
Witness,1
Relative,1
Unknown,1
WITSEC,1
twisted,1
mission,1
Jackee,1
Taylor,1
protected,1
witnesses,1
novel,3
graphic,1
Fana,1
label,2
Ione,1
Skye,1
Wombats,1
Insomniac,1
Buckley,1
Grace,1
Shaped,1
Hole,1
Aniston,1
Antenna,1
Wilderado,1
Dream,2
Tiffanie,1
DeBartolo,1
roster,1
SORROW,1
Rock,1
ShineMaker,1
consensual,1
Erickson,1
evolutionary,1
Northern,1
Illinois,1
consent,1
sadism,1
Hannah,1
Tarleton,1
altered,1
consciousness,1
exchange,1
topspace,1
studies,2
subspace,1
Sagarin,1
Closing,2
bdsm,2
Streetkids,1
German,4
aid,2
Kiswahili,1
orphanages,1
Tanzania,1
purple,1
Peach,1
contentious,1
GOP,2
Savannah,1
runoff,1
battleground,1
editorial,4
Pebble,1
Chatham,1
Fulton,1
closer,2
look,3
Brimmer,1
enterprise,1
recount,1
gotta,1
Georgians,1
Counties,1
Instrumental,1
row,2
timely,1
featuring,1
Kim,1
Duck,2
upcoming,1
Dj,1
Meg,1
rapper,1
minority,1
Upshaws,1
Travis,1
YIAY,1
Charity,3
Stream,1
rule,3
Twitch,3
Livestream,2
category,2
studio,1
prompts,1
jackpot,1
rhyme,1
cool,1
expansion,1
pack,1
purchase,2
choosing,1
debate,1
riddles,1
slogans,1
laughs,1
Juniper,1
ride,1
easier,1
Uhaul,1
pick,1
truck,1
Lyft,1
items,1
paperwork,1
hiring,1
movers,1
burden,1
feedback,2
room,1
furniture,1
Yazz,1
Uber,1
worse,1
round,1
pain,1
luck,2
Chris,1
pickup,1
Reign,3
Darkness,2
steam,2
tag,2
Discord,3
MMORPG,2
genre,2
Apocalyptic,2
set,4
historical,2
Medieval,2
Period,3
artistic,3
license,2
PC,3
headway,2
predecessors,2
ssNightShadow,2
player,4
base,2
niche,2
inspiration,3
Tai,2
cosplayer,1
driving,3
Florida,3
Doug,1
Leifert,2
first,1
offenders,1
drunk,1
compassion,1
uptick,2
Tallahassee,1
Lawmaker,2
winter,2
holidays,1
dui,3
charge,3
rings,2
diamond,3
curation,1
informational,1
fine,1
generation,3
Greenwich,1
Jewelers,1
Gemologist,1
available,2
store,4
Christina,1
COVID19,1
duplicated,1
misuses,1
lack,2
sharing,2
Hygiene,1
Tropical,1
Preprints,1
lonnib,1
Lonni,1
Besançon,1
stat,2
Clémence,1
Leyrat,1
crsgls,1
Corentin,1
Segalas,1
BarbuSceptique,1
Julien,2
Hernandez,1
Monash,1
Linköping,1
conflicts,1
manuscripts,1
Australia,2
KatvanG,1
Clem,1
DeviantTurd,1
MistressEffin,1
laidbackleo87,1
NyghtRavyn,1
strangers,1
GPU,1
caracanell,1
gold,1
Lancet,1
Surgisphere,1
CPU,1
coffeewithnutmeg,1
publication,3
trial,1
Hugz,1
multidisciplinary,1
outlook,1
obsessive,1
gamer,3
nut,1
favorite,1
Romancelvania,1
chunk,1
BioShock,1
pizza,1
snob,1
date,2
Cozy,1
Bear,3
telecom,2
relocation,1
malicious,2
hacker,2
weapon,1
infecting,1
hotel,1
espionage,1
hunting,1
dangerous,1
gang,1
robbers,1
chaos,1
sophisticated,1
B2B,1
cybersecurity,1
advanced,2
targeted,1
notorious,1
NotPetya,1
ransomware,1
alleged,1
popular,2
hardware,1
emphasis,1
Equation,1
Pentagon,1
Kaspersky,1
satellite,1
communications,1
fresh,1
Yara,1
false,2
flags,1
wiper,1
tracking,2
Dear,1
Carbanak,1
DNC,1
servers,1
cooperation,1
interface,2
Switzerland,2
Cyaa,1
SORM,1
hacking,2
cyber,2
disinfecting,1
confidence,1
NYPD,2
alert,3
restaurants,1
Cherubini,1
notice,1
Summer,3
Low,1
submitted,1
Furlong,1
Aoki,1
AttaBoy,1
Papa,1
Roach,1
FEVER,1
blink,1
MOON,1
songwriting,1
Kygo,1
Rich,1
vocals,1
Avicii,1
tackling,2
messaging,1
Pfizer,2
form,2
arms,1
opinion,2
Weise,1
train,1
wreck,1
approach,1
straight,2
talk,1
FDA,1
eweise,1
vaccine,3
telemedicine,1
everyday,1
discreet,1
urgent,1
dermatology,2
Mary,1
Jacobson,1
territory,1
biological,1
evolution,1
Dan,2
Kuebler,1
reflections,1
exact,1
glorious,1
Ludwig,1
greetings,3
Allen,1
menschen,1
werden,1
brüder,1
tributes,1
musicologist,1
midnight,1
historian,1
pedagogical,1
Fred,2
Haight,1
tones,1
birthday,3
brothers,1
beethoven,3
gun,4
wellness,1
lifesaving,1
adequate,1
Suicide,2
Prevention,1
Lifeline,1
immediate,1
navigating,1
added,1
buddy,1
check,2
scholarly,1
misused,1
text,1
traumatic,1
attack,3
helicopter,1
Economic,3
anxiety,1
AH,1
depression,2
Super,1
Cobra,1
combat,1
deployments,1
challenging,1
firearms,1
method,3
injuries,1
Kyleanne,1
Hunter,2
chilling,1
storage,2
veteran,3
crisis,3
lt,1
Bookshlf,1
communicator,1
writer,4
iOS,1
Geneticist,1
Emmy,1
winning,1
Cara,1
Santa,1
Maria,1
blog,4
crew,2
Explorers,1
Club,1
Neuroscientist,2
Biotech,1
Virginia,2
biomedical,1
Neurotechnology,1
Mars,1
Desert,1
Station,2
André,1
Marques,1
mood,1
expertise,2
effective,1
means,1
Curators,1
Shelf,1
type,7
eBooks,1
Kellie,1
Gerardi,1
Spaceflight,1
Windelspecht,1
Dimastromatteo,1
Exobiology,1
unemployment,1
investigative,2
Kentucky,1
WFPL,1
stimulus,1
packages,1
Louisville,1
unemployed,1
Jared,1
Bennett,1
spring,2
YG,1
Nae,1
mom,2
Sondra,1
Currie,1
HI,1
Hangover,1
ProVoice,1
Anne,3
Masse,1
documenting,1
serial,1
predators,1
Hollywood,2
Jessica,2
Barth,1
Silence,1
Breakers,1
Mira,1
Sorvino,1
Caitlin,1
Dulaney,1
Pamela,1
guest,3
Lou,1
Godbold,1
Kendall,1
Sagemiller,1
assault,1
GoFundMe,1
phase,1
reality,1
progress,1
Driver,2
neighbor,2
lady,1
Clare,1
Carroll,1
cents,1
vehicles,1
ive,2
deer,1
Thats,1
appointments,1
grocery,1
lumber,1
heavy,2
equipment,1
buggies,1
hell,3
horse,1
buggy,1
trafficking,1
dollar,3
fiance,1
close,2
wagon,1
swimming,1
grandparents,1
Silverado,1
amish,2
babies,2
Prematurity,3
Loss,2
Table,1
sale,3
NICU,1
Detective,2
Rourke,1
retired,1
Sergeant,1
Mozart,1
Jungle,1
Orange,1
Odyssey,3
Adolescence,1
Wolf,1
violence,2
Brian,1
rise,1
increase,1
Jacksonville,2
distancing,1
taker,1
sort,3
kite,1
surfing,2
wave,1
meantime,1
capacity,1
countless,1
Stefan,1
Grafstein,1
chatting,1
twenties,1
liver,1
transplant,2
blood,2
clotting,1
disorder,4
Budd,1
Chiari,1
Syndrome,1
Mayo,1
Clinic,1
orphan,1
Skype,1
videocall,1
growers,1
Cultivation,2
Consortium,1
Questionnaire,1
v1,1
Eastern,1
Zealand,1
nutrient,1
recipe,2
4x4,1
tent,1
France,1
Finland,1
Denmark,2
Italy,1
Belgium,1
coco,1
coir,1
Portugal,1
views,1
prohibitionist,1
regimes,1
chemists,1
keen,1
gather,1
retailers,1
regulations,1
CMH,1
bulbs,1
botanists,1
measuring,1
Uruguay,1
deterrence,1
academics,1
GCCRC,1
stereotypes,1
cookies,1
IP,1
ICCQ,1
participation,1
cannabis,2
Waring,2
Ecology,3
flows,1
dioxide,1
GMT,1
forests,1
planned,1
planting,2
Bonnie,1
component,1
warming,1
Q,1
scale,2
tree,1
Grantham,1
Lecturer,1
ecologist,1
soil,2
reservoirs,1
pitfalls,1
reforestation,1
afforestation,1
Briefing,1
Tweet,1
publishing,2
pet,1
scheduled,1
figures,1
debt,1
NYU,1
rejection,1
direction,2
DeFeo,1
sex,2
worker,5
contact,1
intimate,2
reopening,1
Sisolak,1
brothels,1
intimacy,1
Governor,1
suit,1
modifications,1
Panama,1
Venezuela,1
Harpy,3
nests,1
conservation,1
wild,1
South,2
range,3
Whitley,1
tourism,1
ComputerWorld,1
Smithsonian,1
Neotropical,1
raptors,1
Brazil,1
dissertation,1
Oscar,1
Wildlife,1
Utah,1
numerous,1
Rica,1
EarthMatters,1
Doctorate,1
Gopher,1
Tortoises,1
joy,1
parting,1
thought,2
finding,3
colleague,2
lovely,1
actress,1
mama,1
Lynda,1
Carter,1
Principal,1
CW,1
Supergirl,1
younger,1
Wonder,1
Woman,1
band,1
replica,3
fossils,2
mold,1
Triebold,2
Paleontology,1
DeepTime,2
teeth,1
neat,1
dinosaurs,1
display,1
skulls,1
giftshops,1
claws,1
technical,1
poetic,1
paleontologist,1
youngling,1
Sors,1
Bandeam,1
shipping,1
Ross,1
Beadman,1
autograph,2
Anakin,1
farming,1
Kate,2
Ag,1
farm,3
grandfather,1
eating,1
Volkskrant,1
ad,3
RTL,2
Nieuws,1
Photomuseum,1
Rotterdam,1
GUP,1
hidden,1
try,1
Athens,1
Festival,2
nice,1
understanding,1
Nord,1
Hamburg,1
photographer,4
Mafalda,1
Rakoš,1
psychologist,1
Austrian,1
anorexia,1
bulimia,1
binge,1
OSFED,1
struggles,1
Specified,1
Feeding,1
Netherlands,1
Ruben,1
exhibitions,1
fragile,1
recovering,1
exhibtions,1
upvotes,1
interviewing,1
shoot,1
Theije,1
Trigger,1
memories,1
protagonists,1
dutch,2
Insider,2
thoughtful,1
bimonthly,1
certified,1
planner,1
businessinsider,1
dot,1
yearlong,1
yourmoney,1
com,1
millennials,1
downs,1
Tanza,1
Loudenback,1
Rapid,1
Antibody,1
Oral,1
Rinse,1
PCR,1
invasive,1
nasal,1
swabs,1
Ried,1
Lie,1
Exposed,2
Trailer,3
Shirley,1
Kober,1
Lost,1
girl,6
provocative,1
play,1
Gables,1
Anarchy,1
William,1
Compton,1
tintype,1
Axel,1
Epitaph,1
Tudors,1
Showtime,1
Umbrella,2
wide,1
characters,2
Dyson,1
Jerry,1
Ciccoritti,1
Schitt,1
Creek,1
Catherine,1
de'Medici,1
Lily,1
Heartland,1
Faction,1
intoxicating,1
ready,1
Kidd,1
PBS,2
NewsHour,2
Broken,1
Resilience,1
pie,1
chapter,1
Missouri,1
baby,2
Brien,1
indigent,1
subject,1
marriage,1
UMKC,1
possibility,1
parole,1
Cindy,1
Dodge,1
inmates,1
double,1
homicide,1
purposed,1
Frank,3
Carlson,1
convictions,1
Sister,2
Helen,1
Prejean,1
innocence,1
Color,1
dermatologic,1
Tidewater,1
Multispecialty,1
dermatologist,1
seasonal,1
skincare,3
SOCS,1
Peloton,1
addiction,2
SkinCeuticals,1
tunes,1
Billy,1
Strings,1
cookbook,1
Cooking,1
stunning,1
foodies,1
Ketogenic,1
lbs,2
MasterChef,1
keto,2
pole,2
dancing,1
BANG,1
babe,1
Kenzie,1
Madison,1
feelings,1
essays,1
postpartum,1
doulas,1
Arctic,1
tides,1
freelance,1
DONA,1
Chesapeake,1
Melody,1
Schreiber,1
water,3
scribe,1
premature,2
birth,2
concert,2
sound,3
physicality,1
Ballet,1
reviewer,1
Annie,1
Nikunen,1
compositional,1
BlackBox,1
Ensemble,1
Classical,1
marathon,1
flutist,1
recordings,1
WKCR,1
jazz,1
choreographer,1
interviews,1
dancer,1
brokenness,1
Bachtrack,1
healing,1
Taize,1
dynamics,1
choreography,1
initial,1
dedication,1
broadcaster,1
annienikunen,1
Corona,2
wedding,2
steady,1
boudoir,1
Africa,1
paradise,1
refugees,1
infested,1
full,1
hectic,1
civilisation,2
complete,2
lockdown,1
taxes,2
Spain,1
lower,1
employed,1
didnt,1
net,1
borders,1
Canaries,1
lord,1
patroitic,1
falling,1
empire,1
TL,2
flowing,1
decissions,1
like,1
minded,1
loved,1
priority,1
ferry,1
road,2
Stuttgart,1
comfortable,1
truckers,1
Yulia,1
photography,1
relevant,1
passports,1
oriented,1
alle,1
checkpoint,1
gunpoint,1
cats,1
camper,1
rents,1
Fuertepedia,1
Euros,1
plug,1
drink,1
looking,1
knees,1
desktop,1
user,10
posture,1
prototype,1
traveler,1
reminders,1
livelihood,2
disability,3
UnsightlyOpinions,1
UnsightlyGaming,1
songbook,1
streamer,2
sighted,1
blind,1
mainstream,1
inter,1
abled,1
blindness,1
multi,1
instrumentalist,1
modding,1
descriptor,1
perception,1
inability,1
Joanna,1
Cassidy,1
Odd,1
babysitter,1
Dead,1
Dolores,1
Rose,1
Rodger,1
Bladerunner,1
Feet,1
Zhora,1
LOL,1
trip,1
iphone,1
Shred,1
pal,1
Kosciesza,1
Gravitas,1
Ventures,1
bikes,1
crutch,1
skateboarder,1
ShredAmerica,1
agonizing,1
flat,1
tire,1
sushi,1
blanks,1
Google,1
leveraging,1
advances,1
detection,1
acne,1
Ko,1
Hims,1
robotics,2
IEEE,1
Marwa,1
ElDiwiny,1
Audio,1
basis,1
dislike,1
investments,1
pure,1
feminine,1
legged,1
skinny,1
gear,1
anabolic,2
classy,1
steroid,3
usage,1
sfw,1
i'm,1
im,1
lean,1
vast,1
lips,1
awesome,1
cardio,1
cash,1
fillers,1
fat,1
transfer,1
dildo,1
muppets,1
breast,1
enlargements,1
penetration,1
female,2
bodybuilder,1
excellent,1
yogurt,1
material,4
mistakes,1
anavar,1
bodybuilding,1
PCOS,1
gyms,1
everyones,1
indepth,1
i'd,1
ladies,1
i've,2
DECIEM,1
principle,3
happy,1
guiding,1
biotechnology,1
synergistic,1
chemical,1
Prudvi,1
Mohan,1
Kaka,1
formulations,1
box,1
necessity,1
hehe,1
sciency,1
beauty,2
Princess,1
renowned,1
Quest,1
spectators,1
Fighter,1
broadcasts,1
instincts,1
passionate,1
eyesight,1
donor,2
handicap,1
advantage,1
